<?xml version='1.0' encoding='UTF-8'?>
<!-- Created with Fritzing (http://www.fritzing.org/) -->
<netlist sketch="A_Smart_White_Cane.fzz" date="Sat Aug 31 12:49:36 2024">
 <net>
  <connector name="D11" id="connector14">
   <part label="ESP32S1" id="98650" title="ESP32S3(sense)"/>
  </connector>
  <connector name="D12" id="connector15">
   <part label="ESP32S1" id="98650" title="ESP32S3(sense)"/>
  </connector>
 </net>
 <net>
  <connector name="Pin 1" id="connector1">
   <part label="R6" id="112730" title="1kΩ Resistor"/>
  </connector>
  <connector name="Pin 1" id="connector1">
   <part label="R6" id="112731" title="1k Ω Resistor"/>
  </connector>
  <connector name="Pin 0" id="connector0">
   <part label="R6" id="112730" title="1kΩ Resistor"/>
  </connector>
  <connector name="Pin 0" id="connector0">
   <part label="R6" id="112731" title="1k Ω Resistor"/>
  </connector>
  <connector name="Pin 1" id="connector1">
   <part label="R7" id="213060" title="1kΩ Resistor"/>
  </connector>
  <connector name="Pin 1" id="connector1">
   <part label="R7" id="213061" title="1k Ω Resistor"/>
  </connector>
  <connector name="Pin 0" id="connector0">
   <part label="R1" id="91921" title="4.7k Ω Resistor"/>
  </connector>
  <connector name="Pin 0" id="connector0">
   <part label="R1" id="91920" title="4.7kΩ Resistor"/>
  </connector>
  <connector name="Pin 0" id="connector0">
   <part label="R7" id="213061" title="1k Ω Resistor"/>
  </connector>
  <connector name="Pin 0" id="connector0">
   <part label="R7" id="213060" title="1kΩ Resistor"/>
  </connector>
  <connector name="Pin 1" id="connector1">
   <part label="R2" id="92911" title="1k Ω Resistor"/>
  </connector>
  <connector name="Pin 1" id="connector1">
   <part label="R2" id="92910" title="1kΩ Resistor"/>
  </connector>
  <connector name="Pin 1" id="connector1">
   <part label="R3" id="93141" title="1k Ω Resistor"/>
  </connector>
  <connector name="Pin 1" id="connector1">
   <part label="R3" id="93140" title="1kΩ Resistor"/>
  </connector>
  <connector name="2" id="connector236">
   <part label="Part4" id="61661" title="nRF52 DK"/>
  </connector>
  <connector name="2" id="connector236">
   <part label="Part4" id="61660" title="nRF52 DK"/>
  </connector>
  <connector name="O" id="connector4">
   <part label="U3" id="91050" title="SWITCH_SPDT"/>
  </connector>
  <connector name="Pin 1" id="connector1">
   <part label="R5" id="112711" title="1k Ω Resistor"/>
  </connector>
  <connector name="Pin 1" id="connector1">
   <part label="R5" id="112710" title="1kΩ Resistor"/>
  </connector>
  <connector name="TX2_HV" id="connector11">
   <part label="Part2" id="58171" title="Logic Level Converter"/>
  </connector>
  <connector name="TX2_HV" id="connector11">
   <part label="Part2" id="58170" title="Logic Level Converter"/>
  </connector>
  <connector name="Pin 1" id="connector1">
   <part label="R4" id="96110" title="1kΩ Resistor"/>
  </connector>
  <connector name="Pin 1" id="connector1">
   <part label="R4" id="96111" title="1k Ω Resistor"/>
  </connector>
  <connector name="O" id="connector4">
   <part label="U4" id="91080" title="SWITCH_SPDT"/>
  </connector>
  <connector name="pin2" id="connector1">
   <part label="M1" id="64471" title="MT3608  Module"/>
  </connector>
  <connector name="pin2" id="connector1">
   <part label="M1" id="64470" title="MT3608  Module"/>
  </connector>
  <connector name="29" id="connector11">
   <part label="Part4" id="61661" title="nRF52 DK"/>
  </connector>
  <connector name="29" id="connector11">
   <part label="Part4" id="61660" title="nRF52 DK"/>
  </connector>
  <connector name="28" id="connector10">
   <part label="Part4" id="61661" title="nRF52 DK"/>
  </connector>
  <connector name="28" id="connector10">
   <part label="Part4" id="61660" title="nRF52 DK"/>
  </connector>
  <connector name="via" id="connector0">
   <part label="Via24" id="519361" title="Via"/>
  </connector>
  <connector name="via" id="connector0">
   <part label="Via24" id="519360" title="Via"/>
  </connector>
  <connector name="1" id="connector3">
   <part label="BATTERY_CO" id="109790" title="Header 2"/>
  </connector>
  <connector name="via" id="connector0">
   <part label="Via18" id="508381" title="Via"/>
  </connector>
  <connector name="via" id="connector0">
   <part label="Via18" id="508380" title="Via"/>
  </connector>
  <connector name="via" id="connector0">
   <part label="Via19" id="522961" title="Via"/>
  </connector>
  <connector name="via" id="connector0">
   <part label="Via19" id="522960" title="Via"/>
  </connector>
  <connector name="GND" id="connector3">
   <part label="HC-SR04 Sensor 2" id="57901" title="HC-SR04 Ultrasonic Distance Sensor"/>
  </connector>
  <connector name="GND" id="connector3">
   <part label="HC-SR04 Sensor 2" id="57900" title="HC-SR04 Ultrasonic Distance Sensor"/>
  </connector>
  <connector name="RX2_HV" id="connector10">
   <part label="Part2" id="58171" title="Logic Level Converter"/>
  </connector>
  <connector name="RX2_HV" id="connector10">
   <part label="Part2" id="58170" title="Logic Level Converter"/>
  </connector>
  <connector name="18" id="connector269">
   <part label="Part4" id="61660" title="nRF52 DK"/>
  </connector>
  <connector name="18" id="connector269">
   <part label="Part4" id="61661" title="nRF52 DK"/>
  </connector>
  <connector name="via" id="connector0">
   <part label="Via23" id="521521" title="Via"/>
  </connector>
  <connector name="via" id="connector0">
   <part label="Via23" id="521520" title="Via"/>
  </connector>
  <connector name="via" id="connector0">
   <part label="Via20" id="522401" title="Via"/>
  </connector>
  <connector name="via" id="connector0">
   <part label="Via20" id="522400" title="Via"/>
  </connector>
  <connector name="via" id="connector0">
   <part label="Via25" id="518401" title="Via"/>
  </connector>
  <connector name="via" id="connector0">
   <part label="Via25" id="518400" title="Via"/>
  </connector>
  <connector name="GND" id="connector3">
   <part label="HC-SR04 Sensor 1" id="57870" title="HC-SR04 Ultrasonic Distance Sensor"/>
  </connector>
  <connector name="GND" id="connector3">
   <part label="HC-SR04 Sensor 1" id="57871" title="HC-SR04 Ultrasonic Distance Sensor"/>
  </connector>
  <connector name="RX2_LV" id="connector1">
   <part label="Part2" id="58171" title="Logic Level Converter"/>
  </connector>
  <connector name="RX2_LV" id="connector1">
   <part label="Part2" id="58170" title="Logic Level Converter"/>
  </connector>
  <connector name="TX_HV" id="connector6">
   <part label="Part2" id="58170" title="Logic Level Converter"/>
  </connector>
  <connector name="TX_HV" id="connector6">
   <part label="Part2" id="58171" title="Logic Level Converter"/>
  </connector>
  <connector name="TRIG" id="connector1">
   <part label="HC-SR04 Sensor 2" id="57901" title="HC-SR04 Ultrasonic Distance Sensor"/>
  </connector>
  <connector name="TRIG" id="connector1">
   <part label="HC-SR04 Sensor 2" id="57900" title="HC-SR04 Ultrasonic Distance Sensor"/>
  </connector>
  <connector name="TX2_LV" id="connector0">
   <part label="Part2" id="58170" title="Logic Level Converter"/>
  </connector>
  <connector name="TX2_LV" id="connector0">
   <part label="Part2" id="58171" title="Logic Level Converter"/>
  </connector>
  <connector name="TX_LV" id="connector5">
   <part label="Part2" id="58171" title="Logic Level Converter"/>
  </connector>
  <connector name="TX_LV" id="connector5">
   <part label="Part2" id="58170" title="Logic Level Converter"/>
  </connector>
  <connector name="17" id="connector268">
   <part label="Part4" id="61661" title="nRF52 DK"/>
  </connector>
  <connector name="17" id="connector268">
   <part label="Part4" id="61660" title="nRF52 DK"/>
  </connector>
  <connector name="D0" id="connector0">
   <part label="ESP32S1" id="98650" title="ESP32S3(sense)"/>
  </connector>
  <connector name="TRIG" id="connector1">
   <part label="HC-SR04 Sensor 1" id="57871" title="HC-SR04 Ultrasonic Distance Sensor"/>
  </connector>
  <connector name="TRIG" id="connector1">
   <part label="HC-SR04 Sensor 1" id="57870" title="HC-SR04 Ultrasonic Distance Sensor"/>
  </connector>
  <connector name="15" id="connector266">
   <part label="Part4" id="61661" title="nRF52 DK"/>
  </connector>
  <connector name="15" id="connector266">
   <part label="Part4" id="61660" title="nRF52 DK"/>
  </connector>
  <connector name="via" id="connector0">
   <part label="Via22" id="521781" title="Via"/>
  </connector>
  <connector name="via" id="connector0">
   <part label="Via22" id="521780" title="Via"/>
  </connector>
  <connector name="via" id="connector0">
   <part label="Via21" id="521841" title="Via"/>
  </connector>
  <connector name="via" id="connector0">
   <part label="Via21" id="521840" title="Via"/>
  </connector>
  <connector name="RX_HV" id="connector7">
   <part label="Part2" id="58170" title="Logic Level Converter"/>
  </connector>
  <connector name="RX_HV" id="connector7">
   <part label="Part2" id="58171" title="Logic Level Converter"/>
  </connector>
  <connector name="RX_LV" id="connector4">
   <part label="Part2" id="58171" title="Logic Level Converter"/>
  </connector>
  <connector name="RX_LV" id="connector4">
   <part label="Part2" id="58170" title="Logic Level Converter"/>
  </connector>
  <connector name="16" id="connector267">
   <part label="Part4" id="61661" title="nRF52 DK"/>
  </connector>
  <connector name="16" id="connector267">
   <part label="Part4" id="61660" title="nRF52 DK"/>
  </connector>
  <connector name="D1" id="connector1">
   <part label="ESP32S1" id="98650" title="ESP32S3(sense)"/>
  </connector>
 </net>
 <net>
  <connector name="cathode" id="connector0">
   <part label="LED2" id="96130" title="Green (560nm) LED"/>
  </connector>
  <connector name="cathode" id="connector0">
   <part label="LED2" id="96131" title="Green LED - 3mm"/>
  </connector>
  <connector name="cathode" id="connector0">
   <part label="LED1" id="94980" title="Green (560nm) LED"/>
  </connector>
  <connector name="cathode" id="connector0">
   <part label="LED1" id="94981" title="Green LED - 3mm"/>
  </connector>
  <connector name="via" id="connector0">
   <part label="Via31" id="515201" title="Via"/>
  </connector>
  <connector name="via" id="connector0">
   <part label="Via31" id="515200" title="Via"/>
  </connector>
  <connector name="GND" id="connector260">
   <part label="Part4" id="61660" title="nRF52 DK"/>
  </connector>
  <connector name="GND" id="connector260">
   <part label="Part4" id="61661" title="nRF52 DK"/>
  </connector>
  <connector name="GND" id="connector259">
   <part label="Part4" id="61660" title="nRF52 DK"/>
  </connector>
  <connector name="GND" id="connector259">
   <part label="Part4" id="61661" title="nRF52 DK"/>
  </connector>
  <connector name="GND" id="connector237">
   <part label="Part4" id="61660" title="nRF52 DK"/>
  </connector>
  <connector name="GND" id="connector237">
   <part label="Part4" id="61661" title="nRF52 DK"/>
  </connector>
  <connector name="ECHO" id="connector2">
   <part label="HC-SR04 Sensor 2" id="57901" title="HC-SR04 Ultrasonic Distance Sensor"/>
  </connector>
  <connector name="ECHO" id="connector2">
   <part label="HC-SR04 Sensor 2" id="57900" title="HC-SR04 Ultrasonic Distance Sensor"/>
  </connector>
  <connector name="ECHO" id="connector2">
   <part label="HC-SR04 Sensor 4" id="57961" title="HC-SR04 Ultrasonic Distance Sensor"/>
  </connector>
  <connector name="ECHO" id="connector2">
   <part label="HC-SR04 Sensor 4" id="57960" title="HC-SR04 Ultrasonic Distance Sensor"/>
  </connector>
  <connector name="ECHO" id="connector2">
   <part label="HC-SR04 Sensor 1" id="57871" title="HC-SR04 Ultrasonic Distance Sensor"/>
  </connector>
  <connector name="ECHO" id="connector2">
   <part label="HC-SR04 Sensor 1" id="57870" title="HC-SR04 Ultrasonic Distance Sensor"/>
  </connector>
  <connector name="ECHO" id="connector2">
   <part label="HC-SR04 Sensor 3" id="57931" title="HC-SR04 Ultrasonic Distance Sensor"/>
  </connector>
  <connector name="ECHO" id="connector2">
   <part label="HC-SR04 Sensor 3" id="57930" title="HC-SR04 Ultrasonic Distance Sensor"/>
  </connector>
  <connector name="GND" id="connector9">
   <part label="Part1" id="58141" title="Logic Level Converter"/>
  </connector>
  <connector name="GND" id="connector9">
   <part label="Part1" id="58140" title="Logic Level Converter"/>
  </connector>
  <connector name="GND" id="connector9">
   <part label="Part2" id="58171" title="Logic Level Converter"/>
  </connector>
  <connector name="GND" id="connector9">
   <part label="Part2" id="58170" title="Logic Level Converter"/>
  </connector>
  <connector name="E" id="connector0">
   <part label="Q3" id="92871" title="NPN-Transistor"/>
  </connector>
  <connector name="E" id="connector0">
   <part label="Q3" id="92870" title="NPN-Transistor"/>
  </connector>
  <connector name="E" id="connector0">
   <part label="Q4" id="93051" title="NPN-Transistor"/>
  </connector>
  <connector name="E" id="connector0">
   <part label="Q4" id="93050" title="NPN-Transistor"/>
  </connector>
  <connector name="-" id="connector1">
   <part label="U2" id="90701" title="LIPO-2000mAh"/>
  </connector>
  <connector name="-" id="connector1">
   <part label="U2" id="90700" title="LIPO-2000mAh"/>
  </connector>
  <connector name="pin4" id="connector3">
   <part label="M1" id="64471" title="MT3608  Module"/>
  </connector>
  <connector name="pin4" id="connector3">
   <part label="M1" id="64470" title="MT3608  Module"/>
  </connector>
  <connector name="-" id="connector1">
   <part label="U1" id="58741" title="LIPO-2000mAh"/>
  </connector>
  <connector name="-" id="connector1">
   <part label="U1" id="58740" title="LIPO-2000mAh"/>
  </connector>
  <connector name="Pin 1" id="connector1">
   <part label="R1" id="91921" title="4.7k Ω Resistor"/>
  </connector>
  <connector name="Pin 1" id="connector1">
   <part label="R1" id="91920" title="4.7kΩ Resistor"/>
  </connector>
  <connector name="GND" id="connector2">
   <part label="Part1" id="58141" title="Logic Level Converter"/>
  </connector>
  <connector name="GND" id="connector2">
   <part label="Part1" id="58140" title="Logic Level Converter"/>
  </connector>
  <connector name="GND" id="connector2">
   <part label="Part2" id="58171" title="Logic Level Converter"/>
  </connector>
  <connector name="GND" id="connector2">
   <part label="Part2" id="58170" title="Logic Level Converter"/>
  </connector>
  <connector name="GND" id="connector24">
   <part label="Part3" id="58771" title="PowerBoost 500 Charger"/>
  </connector>
  <connector name="GND" id="connector24">
   <part label="Part3" id="58770" title="PowerBoost 500 Charger"/>
  </connector>
  <connector name="GND" id="connector12">
   <part label="ESP32S1" id="98650" title="ESP32S3(sense)"/>
  </connector>
  <connector name="2" id="connector1">
   <part label="BATTERY_CO" id="109790" title="Header 2"/>
  </connector>
  <connector name="GND" id="connector26">
   <part label="Part3" id="58771" title="PowerBoost 500 Charger"/>
  </connector>
  <connector name="GND" id="connector26">
   <part label="Part3" id="58770" title="PowerBoost 500 Charger"/>
  </connector>
  <connector name="GND" id="connector29">
   <part label="Part3" id="58771" title="PowerBoost 500 Charger"/>
  </connector>
  <connector name="GND" id="connector29">
   <part label="Part3" id="58770" title="PowerBoost 500 Charger"/>
  </connector>
  <connector name="pin1" id="connector0">
   <part label="M1" id="64471" title="MT3608  Module"/>
  </connector>
  <connector name="pin1" id="connector0">
   <part label="M1" id="64470" title="MT3608  Module"/>
  </connector>
  <connector name="via" id="connector0">
   <part label="Via30" id="516101" title="Via"/>
  </connector>
  <connector name="via" id="connector0">
   <part label="Via30" id="516100" title="Via"/>
  </connector>
  <connector name="via" id="connector0">
   <part label="Via29" id="517101" title="Via"/>
  </connector>
  <connector name="via" id="connector0">
   <part label="Via29" id="517100" title="Via"/>
  </connector>
  <connector name="via" id="connector0">
   <part label="Via27" id="517441" title="Via"/>
  </connector>
  <connector name="via" id="connector0">
   <part label="Via27" id="517440" title="Via"/>
  </connector>
  <connector name="via" id="connector0">
   <part label="Via26" id="517540" title="Via"/>
  </connector>
  <connector name="via" id="connector0">
   <part label="Via26" id="517541" title="Via"/>
  </connector>
  <connector name="via" id="connector0">
   <part label="Via28" id="517241" title="Via"/>
  </connector>
  <connector name="via" id="connector0">
   <part label="Via28" id="517240" title="Via"/>
  </connector>
 </net>
 <net>
  <connector name="via" id="connector0">
   <part label="Via7" id="526321" title="Via"/>
  </connector>
  <connector name="via" id="connector0">
   <part label="Via7" id="526320" title="Via"/>
  </connector>
  <connector name="via" id="connector0">
   <part label="Via6" id="526681" title="Via"/>
  </connector>
  <connector name="via" id="connector0">
   <part label="Via6" id="526680" title="Via"/>
  </connector>
  <connector name="13" id="connector264">
   <part label="Part4" id="61661" title="nRF52 DK"/>
  </connector>
  <connector name="13" id="connector264">
   <part label="Part4" id="61660" title="nRF52 DK"/>
  </connector>
  <connector name="via" id="connector0">
   <part label="Via8" id="526001" title="Via"/>
  </connector>
  <connector name="via" id="connector0">
   <part label="Via8" id="526000" title="Via"/>
  </connector>
  <connector name="RX2_LV" id="connector1">
   <part label="Part1" id="58141" title="Logic Level Converter"/>
  </connector>
  <connector name="RX2_LV" id="connector1">
   <part label="Part1" id="58140" title="Logic Level Converter"/>
  </connector>
  <connector name="via" id="connector0">
   <part label="Via9" id="525701" title="Via"/>
  </connector>
  <connector name="via" id="connector0">
   <part label="Via9" id="525700" title="Via"/>
  </connector>
 </net>
 <net>
  <connector name="via" id="connector0">
   <part label="Via10" id="525161" title="Via"/>
  </connector>
  <connector name="via" id="connector0">
   <part label="Via10" id="525160" title="Via"/>
  </connector>
  <connector name="via" id="connector0">
   <part label="Via11" id="524801" title="Via"/>
  </connector>
  <connector name="via" id="connector0">
   <part label="Via11" id="524800" title="Via"/>
  </connector>
  <connector name="14" id="connector265">
   <part label="Part4" id="61661" title="nRF52 DK"/>
  </connector>
  <connector name="14" id="connector265">
   <part label="Part4" id="61660" title="nRF52 DK"/>
  </connector>
  <connector name="via" id="connector0">
   <part label="Via12" id="524561" title="Via"/>
  </connector>
  <connector name="via" id="connector0">
   <part label="Via12" id="524560" title="Via"/>
  </connector>
  <connector name="TX2_LV" id="connector0">
   <part label="Part1" id="58141" title="Logic Level Converter"/>
  </connector>
  <connector name="TX2_LV" id="connector0">
   <part label="Part1" id="58140" title="Logic Level Converter"/>
  </connector>
  <connector name="via" id="connector0">
   <part label="Via13" id="523861" title="Via"/>
  </connector>
  <connector name="via" id="connector0">
   <part label="Via13" id="523860" title="Via"/>
  </connector>
 </net>
 <net>
  <connector name="via" id="connector0">
   <part label="Via14" id="514741" title="Via"/>
  </connector>
  <connector name="via" id="connector0">
   <part label="Via14" id="514740" title="Via"/>
  </connector>
  <connector name="anode" id="connector1">
   <part label="D1" id="266300" title="Schottky Diode"/>
  </connector>
  <connector name="anode" id="connector1">
   <part label="D1" id="266301" title="Schottky Diode"/>
  </connector>
  <connector name="5V" id="connector258">
   <part label="Part4" id="61661" title="nRF52 DK"/>
  </connector>
  <connector name="5V" id="connector258">
   <part label="Part4" id="61660" title="nRF52 DK"/>
  </connector>
  <connector name="HV" id="connector8">
   <part label="Part1" id="58141" title="Logic Level Converter"/>
  </connector>
  <connector name="HV" id="connector8">
   <part label="Part1" id="58140" title="Logic Level Converter"/>
  </connector>
  <connector name="via" id="connector0">
   <part label="Via16" id="514061" title="Via"/>
  </connector>
  <connector name="via" id="connector0">
   <part label="Via16" id="514060" title="Via"/>
  </connector>
  <connector name="HV" id="connector8">
   <part label="Part2" id="58171" title="Logic Level Converter"/>
  </connector>
  <connector name="HV" id="connector8">
   <part label="Part2" id="58170" title="Logic Level Converter"/>
  </connector>
  <connector name="VCC" id="connector0">
   <part label="HC-SR04 Sensor 4" id="57961" title="HC-SR04 Ultrasonic Distance Sensor"/>
  </connector>
  <connector name="VCC" id="connector0">
   <part label="HC-SR04 Sensor 4" id="57960" title="HC-SR04 Ultrasonic Distance Sensor"/>
  </connector>
  <connector name="VCC" id="connector0">
   <part label="HC-SR04 Sensor 3" id="57931" title="HC-SR04 Ultrasonic Distance Sensor"/>
  </connector>
  <connector name="VCC" id="connector0">
   <part label="HC-SR04 Sensor 3" id="57930" title="HC-SR04 Ultrasonic Distance Sensor"/>
  </connector>
  <connector name="VCC" id="connector0">
   <part label="HC-SR04 Sensor 2" id="57901" title="HC-SR04 Ultrasonic Distance Sensor"/>
  </connector>
  <connector name="VCC" id="connector0">
   <part label="HC-SR04 Sensor 2" id="57900" title="HC-SR04 Ultrasonic Distance Sensor"/>
  </connector>
  <connector name="VCC" id="connector0">
   <part label="HC-SR04 Sensor 1" id="57871" title="HC-SR04 Ultrasonic Distance Sensor"/>
  </connector>
  <connector name="VCC" id="connector0">
   <part label="HC-SR04 Sensor 1" id="57870" title="HC-SR04 Ultrasonic Distance Sensor"/>
  </connector>
  <connector name="pin3" id="connector2">
   <part label="M1" id="64471" title="MT3608  Module"/>
  </connector>
  <connector name="pin3" id="connector2">
   <part label="M1" id="64470" title="MT3608  Module"/>
  </connector>
  <connector name="via" id="connector0">
   <part label="Via15" id="514121" title="Via"/>
  </connector>
  <connector name="via" id="connector0">
   <part label="Via15" id="514120" title="Via"/>
  </connector>
  <connector name="via" id="connector0">
   <part label="Via17" id="513341" title="Via"/>
  </connector>
  <connector name="via" id="connector0">
   <part label="Via17" id="513340" title="Via"/>
  </connector>
 </net>
 <net>
  <connector name="11" id="connector262">
   <part label="Part4" id="61660" title="nRF52 DK"/>
  </connector>
  <connector name="11" id="connector262">
   <part label="Part4" id="61661" title="nRF52 DK"/>
  </connector>
  <connector name="via" id="connector0">
   <part label="Via2" id="512381" title="Via"/>
  </connector>
  <connector name="via" id="connector0">
   <part label="Via2" id="512380" title="Via"/>
  </connector>
  <connector name="RX_LV" id="connector4">
   <part label="Part1" id="58141" title="Logic Level Converter"/>
  </connector>
  <connector name="RX_LV" id="connector4">
   <part label="Part1" id="58140" title="Logic Level Converter"/>
  </connector>
  <connector name="via" id="connector0">
   <part label="Via3" id="512241" title="Via"/>
  </connector>
  <connector name="via" id="connector0">
   <part label="Via3" id="512240" title="Via"/>
  </connector>
  <connector name="via" id="connector0">
   <part label="Via5" id="512021" title="Via"/>
  </connector>
  <connector name="via" id="connector0">
   <part label="Via5" id="512020" title="Via"/>
  </connector>
  <connector name="via" id="connector0">
   <part label="Via4" id="512081" title="Via"/>
  </connector>
  <connector name="via" id="connector0">
   <part label="Via4" id="512080" title="Via"/>
  </connector>
 </net>
 <net>
  <connector name="12" id="connector263">
   <part label="Part4" id="61660" title="nRF52 DK"/>
  </connector>
  <connector name="12" id="connector263">
   <part label="Part4" id="61661" title="nRF52 DK"/>
  </connector>
  <connector name="via" id="connector0">
   <part label="Via34" id="507281" title="Via"/>
  </connector>
  <connector name="via" id="connector0">
   <part label="Via34" id="507280" title="Via"/>
  </connector>
  <connector name="via" id="connector0">
   <part label="Via35" id="507201" title="Via"/>
  </connector>
  <connector name="via" id="connector0">
   <part label="Via35" id="507200" title="Via"/>
  </connector>
  <connector name="TX_LV" id="connector5">
   <part label="Part1" id="58141" title="Logic Level Converter"/>
  </connector>
  <connector name="TX_LV" id="connector5">
   <part label="Part1" id="58140" title="Logic Level Converter"/>
  </connector>
 </net>
 <net>
  <connector name="via" id="connector0">
   <part label="Via33" id="506861" title="Via"/>
  </connector>
  <connector name="via" id="connector0">
   <part label="Via33" id="506860" title="Via"/>
  </connector>
  <connector name="VDD" id="connector254">
   <part label="Part4" id="61660" title="nRF52 DK"/>
  </connector>
  <connector name="VDD" id="connector254">
   <part label="Part4" id="61661" title="nRF52 DK"/>
  </connector>
  <connector name="Pin 1" id="connector0">
   <part label="A1" id="70961" title="buzzer 9mm 9042"/>
  </connector>
  <connector name="Pin 1" id="connector0">
   <part label="A1" id="70960" title="buzzer 9mm 9042"/>
  </connector>
  <connector name="+" id="connector0">
   <part label="M2" id="64521" title="Vibration Motor- ROB-08449"/>
  </connector>
  <connector name="+" id="connector0">
   <part label="M2" id="64520" title="Vibration Motor- ROB-08449"/>
  </connector>
  <connector name="LV" id="connector3">
   <part label="Part1" id="58141" title="Logic Level Converter"/>
  </connector>
  <connector name="LV" id="connector3">
   <part label="Part1" id="58140" title="Logic Level Converter"/>
  </connector>
  <connector name="LV" id="connector3">
   <part label="Part2" id="58171" title="Logic Level Converter"/>
  </connector>
  <connector name="LV" id="connector3">
   <part label="Part2" id="58170" title="Logic Level Converter"/>
  </connector>
 </net>
 <net>
  <connector name="S" id="connector6">
   <part label="U4" id="91080" title="SWITCH_SPDT"/>
  </connector>
  <connector name="via" id="connector0">
   <part label="Via32" id="505901" title="Via"/>
  </connector>
  <connector name="via" id="connector0">
   <part label="Via32" id="505900" title="Via"/>
  </connector>
  <connector name="VBAT OUT" id="connector22">
   <part label="Part3" id="58771" title="PowerBoost 500 Charger"/>
  </connector>
  <connector name="VBAT OUT" id="connector22">
   <part label="Part3" id="58770" title="PowerBoost 500 Charger"/>
  </connector>
 </net>
 <net>
  <connector name="TRIG" id="connector1">
   <part label="HC-SR04 Sensor 3" id="57930" title="HC-SR04 Ultrasonic Distance Sensor"/>
  </connector>
  <connector name="TRIG" id="connector1">
   <part label="HC-SR04 Sensor 3" id="57931" title="HC-SR04 Ultrasonic Distance Sensor"/>
  </connector>
  <connector name="RX2_HV" id="connector10">
   <part label="Part1" id="58140" title="Logic Level Converter"/>
  </connector>
  <connector name="RX2_HV" id="connector10">
   <part label="Part1" id="58141" title="Logic Level Converter"/>
  </connector>
 </net>
 <net>
  <connector name="-" id="connector1">
   <part label="M2" id="64520" title="Vibration Motor- ROB-08449"/>
  </connector>
  <connector name="-" id="connector1">
   <part label="M2" id="64521" title="Vibration Motor- ROB-08449"/>
  </connector>
  <connector name="C" id="connector2">
   <part label="Q3" id="92871" title="NPN-Transistor"/>
  </connector>
  <connector name="C" id="connector2">
   <part label="Q3" id="92870" title="NPN-Transistor"/>
  </connector>
 </net>
 <net>
  <connector name="TX2_HV" id="connector11">
   <part label="Part1" id="58140" title="Logic Level Converter"/>
  </connector>
  <connector name="TX2_HV" id="connector11">
   <part label="Part1" id="58141" title="Logic Level Converter"/>
  </connector>
  <connector name="GND" id="connector3">
   <part label="HC-SR04 Sensor 3" id="57930" title="HC-SR04 Ultrasonic Distance Sensor"/>
  </connector>
  <connector name="GND" id="connector3">
   <part label="HC-SR04 Sensor 3" id="57931" title="HC-SR04 Ultrasonic Distance Sensor"/>
  </connector>
 </net>
 <net>
  <connector name="Pin 2" id="connector1">
   <part label="A1" id="70960" title="buzzer 9mm 9042"/>
  </connector>
  <connector name="Pin 2" id="connector1">
   <part label="A1" id="70961" title="buzzer 9mm 9042"/>
  </connector>
  <connector name="C" id="connector2">
   <part label="Q4" id="93050" title="NPN-Transistor"/>
  </connector>
  <connector name="C" id="connector2">
   <part label="Q4" id="93051" title="NPN-Transistor"/>
  </connector>
 </net>
 <net>
  <connector name="P" id="connector5">
   <part label="U4" id="91080" title="SWITCH_SPDT"/>
  </connector>
  <connector name="via" id="connector0">
   <part label="Via1" id="503201" title="Via"/>
  </connector>
  <connector name="via" id="connector0">
   <part label="Via1" id="503200" title="Via"/>
  </connector>
  <connector name="+" id="connector0">
   <part label="U2" id="90701" title="LIPO-2000mAh"/>
  </connector>
  <connector name="+" id="connector0">
   <part label="U2" id="90700" title="LIPO-2000mAh"/>
  </connector>
 </net>
 <net>
  <connector name="Pin 0" id="connector0">
   <part label="R3" id="93140" title="1kΩ Resistor"/>
  </connector>
  <connector name="Pin 0" id="connector0">
   <part label="R3" id="93141" title="1k Ω Resistor"/>
  </connector>
  <connector name="B" id="connector1">
   <part label="Q4" id="93050" title="NPN-Transistor"/>
  </connector>
  <connector name="B" id="connector1">
   <part label="Q4" id="93051" title="NPN-Transistor"/>
  </connector>
 </net>
 <net>
  <connector name="5V" id="connector13">
   <part label="ESP32S1" id="98650" title="ESP32S3(sense)"/>
  </connector>
  <connector name="cathode" id="connector0">
   <part label="D1" id="266300" title="Schottky Diode"/>
  </connector>
  <connector name="cathode" id="connector0">
   <part label="D1" id="266301" title="Schottky Diode"/>
  </connector>
 </net>
 <net>
  <connector name="Pin 0" id="connector0">
   <part label="R2" id="92910" title="1kΩ Resistor"/>
  </connector>
  <connector name="Pin 0" id="connector0">
   <part label="R2" id="92911" title="1k Ω Resistor"/>
  </connector>
  <connector name="B" id="connector1">
   <part label="Q3" id="92870" title="NPN-Transistor"/>
  </connector>
  <connector name="B" id="connector1">
   <part label="Q3" id="92871" title="NPN-Transistor"/>
  </connector>
 </net>
 <net>
  <connector name="+" id="connector0">
   <part label="U1" id="58740" title="LIPO-2000mAh"/>
  </connector>
  <connector name="+" id="connector0">
   <part label="U1" id="58741" title="LIPO-2000mAh"/>
  </connector>
  <connector name="S" id="connector6">
   <part label="U3" id="91050" title="SWITCH_SPDT"/>
  </connector>
 </net>
 <net>
  <connector name="TX_HV" id="connector6">
   <part label="Part1" id="58140" title="Logic Level Converter"/>
  </connector>
  <connector name="TX_HV" id="connector6">
   <part label="Part1" id="58141" title="Logic Level Converter"/>
  </connector>
  <connector name="GND" id="connector3">
   <part label="HC-SR04 Sensor 4" id="57961" title="HC-SR04 Ultrasonic Distance Sensor"/>
  </connector>
  <connector name="GND" id="connector3">
   <part label="HC-SR04 Sensor 4" id="57960" title="HC-SR04 Ultrasonic Distance Sensor"/>
  </connector>
 </net>
 <net>
  <connector name="RX_HV" id="connector7">
   <part label="Part1" id="58140" title="Logic Level Converter"/>
  </connector>
  <connector name="RX_HV" id="connector7">
   <part label="Part1" id="58141" title="Logic Level Converter"/>
  </connector>
  <connector name="TRIG" id="connector1">
   <part label="HC-SR04 Sensor 4" id="57961" title="HC-SR04 Ultrasonic Distance Sensor"/>
  </connector>
  <connector name="TRIG" id="connector1">
   <part label="HC-SR04 Sensor 4" id="57960" title="HC-SR04 Ultrasonic Distance Sensor"/>
  </connector>
 </net>
 <net>
  <connector name="21" id="connector47">
   <part label="Part4" id="61660" title="nRF52 DK"/>
  </connector>
  <connector name="21" id="connector47">
   <part label="Part4" id="61661" title="nRF52 DK"/>
  </connector>
  <connector name="26" id="connector235">
   <part label="Part4" id="61660" title="nRF52 DK"/>
  </connector>
  <connector name="26" id="connector235">
   <part label="Part4" id="61661" title="nRF52 DK"/>
  </connector>
 </net>
 <net>
  <connector name="RESET" id="connector256">
   <part label="Part4" id="61660" title="nRF52 DK"/>
  </connector>
  <connector name="RESET" id="connector256">
   <part label="Part4" id="61661" title="nRF52 DK"/>
  </connector>
 </net>
 <net>
  <connector name="0" id="connector7">
   <part label="Part4" id="61660" title="nRF52 DK"/>
  </connector>
  <connector name="0" id="connector7">
   <part label="Part4" id="61661" title="nRF52 DK"/>
  </connector>
 </net>
 <net>
  <connector name="6" id="connector49">
   <part label="Part4" id="61660" title="nRF52 DK"/>
  </connector>
  <connector name="6" id="connector49">
   <part label="Part4" id="61661" title="nRF52 DK"/>
  </connector>
 </net>
 <net>
  <connector name="5" id="connector48">
   <part label="Part4" id="61660" title="nRF52 DK"/>
  </connector>
  <connector name="5" id="connector48">
   <part label="Part4" id="61661" title="nRF52 DK"/>
  </connector>
 </net>
 <net>
  <connector name="25" id="connector238">
   <part label="Part4" id="61660" title="nRF52 DK"/>
  </connector>
  <connector name="25" id="connector238">
   <part label="Part4" id="61661" title="nRF52 DK"/>
  </connector>
 </net>
 <net>
  <connector name="23" id="connector240">
   <part label="Part4" id="61660" title="nRF52 DK"/>
  </connector>
  <connector name="23" id="connector240">
   <part label="Part4" id="61661" title="nRF52 DK"/>
  </connector>
 </net>
 <net>
  <connector name="9" id="connector52">
   <part label="Part4" id="61660" title="nRF52 DK"/>
  </connector>
  <connector name="9" id="connector52">
   <part label="Part4" id="61661" title="nRF52 DK"/>
  </connector>
 </net>
 <net>
  <connector name="19" id="connector243">
   <part label="Part4" id="61660" title="nRF52 DK"/>
  </connector>
  <connector name="19" id="connector243">
   <part label="Part4" id="61661" title="nRF52 DK"/>
  </connector>
 </net>
 <net>
  <connector name="VDD" id="connector255">
   <part label="Part4" id="61660" title="nRF52 DK"/>
  </connector>
  <connector name="VDD" id="connector255">
   <part label="Part4" id="61661" title="nRF52 DK"/>
  </connector>
 </net>
 <net>
  <connector name="24" id="connector239">
   <part label="Part4" id="61660" title="nRF52 DK"/>
  </connector>
  <connector name="24" id="connector239">
   <part label="Part4" id="61661" title="nRF52 DK"/>
  </connector>
 </net>
 <net>
  <connector name="31" id="connector13">
   <part label="Part4" id="61660" title="nRF52 DK"/>
  </connector>
  <connector name="31" id="connector13">
   <part label="Part4" id="61661" title="nRF52 DK"/>
  </connector>
 </net>
 <net>
  <connector name="27" id="connector234">
   <part label="Part4" id="61660" title="nRF52 DK"/>
  </connector>
  <connector name="27" id="connector234">
   <part label="Part4" id="61661" title="nRF52 DK"/>
  </connector>
  <connector name="1" id="connector46">
   <part label="Part4" id="61660" title="nRF52 DK"/>
  </connector>
  <connector name="1" id="connector46">
   <part label="Part4" id="61661" title="nRF52 DK"/>
  </connector>
 </net>
 <net>
  <connector name="8" id="connector51">
   <part label="Part4" id="61660" title="nRF52 DK"/>
  </connector>
  <connector name="8" id="connector51">
   <part label="Part4" id="61661" title="nRF52 DK"/>
  </connector>
 </net>
 <net>
  <connector name="22" id="connector241">
   <part label="Part4" id="61660" title="nRF52 DK"/>
  </connector>
  <connector name="22" id="connector241">
   <part label="Part4" id="61661" title="nRF52 DK"/>
  </connector>
 </net>
 <net>
  <connector name="20" id="connector242">
   <part label="Part4" id="61660" title="nRF52 DK"/>
  </connector>
  <connector name="20" id="connector242">
   <part label="Part4" id="61661" title="nRF52 DK"/>
  </connector>
 </net>
 <net>
  <connector name="3" id="connector8">
   <part label="Part4" id="61660" title="nRF52 DK"/>
  </connector>
  <connector name="3" id="connector8">
   <part label="Part4" id="61661" title="nRF52 DK"/>
  </connector>
 </net>
 <net>
  <connector name="30" id="connector12">
   <part label="Part4" id="61660" title="nRF52 DK"/>
  </connector>
  <connector name="30" id="connector12">
   <part label="Part4" id="61661" title="nRF52 DK"/>
  </connector>
 </net>
 <net>
  <connector name="7" id="connector50">
   <part label="Part4" id="61660" title="nRF52 DK"/>
  </connector>
  <connector name="7" id="connector50">
   <part label="Part4" id="61661" title="nRF52 DK"/>
  </connector>
 </net>
 <net>
  <connector name="10" id="connector53">
   <part label="Part4" id="61660" title="nRF52 DK"/>
  </connector>
  <connector name="10" id="connector53">
   <part label="Part4" id="61661" title="nRF52 DK"/>
  </connector>
 </net>
 <net>
  <connector name="4" id="connector9">
   <part label="Part4" id="61660" title="nRF52 DK"/>
  </connector>
  <connector name="4" id="connector9">
   <part label="Part4" id="61661" title="nRF52 DK"/>
  </connector>
 </net>
 <net>
  <connector name="VDD" id="connector257">
   <part label="Part4" id="61660" title="nRF52 DK"/>
  </connector>
  <connector name="VDD" id="connector257">
   <part label="Part4" id="61661" title="nRF52 DK"/>
  </connector>
 </net>
 <net>
  <connector name="USB" id="connector28">
   <part label="Part3" id="58770" title="PowerBoost 500 Charger"/>
  </connector>
  <connector name="USB" id="connector28">
   <part label="Part3" id="58771" title="PowerBoost 500 Charger"/>
  </connector>
 </net>
 <net>
  <connector name="LBO" id="connector25">
   <part label="Part3" id="58770" title="PowerBoost 500 Charger"/>
  </connector>
  <connector name="LBO" id="connector25">
   <part label="Part3" id="58771" title="PowerBoost 500 Charger"/>
  </connector>
 </net>
 <net>
  <connector name="5.0V" id="connector27">
   <part label="Part3" id="58770" title="PowerBoost 500 Charger"/>
  </connector>
  <connector name="5.0V" id="connector27">
   <part label="Part3" id="58771" title="PowerBoost 500 Charger"/>
  </connector>
 </net>
 <net>
  <connector name="ENABLE" id="connector23">
   <part label="Part3" id="58770" title="PowerBoost 500 Charger"/>
  </connector>
  <connector name="ENABLE" id="connector23">
   <part label="Part3" id="58771" title="PowerBoost 500 Charger"/>
  </connector>
 </net>
 <net>
  <connector name="3V3" id="connector11">
   <part label="ESP32S1" id="98650" title="ESP32S3(sense)"/>
  </connector>
 </net>
 <net>
  <connector name="D3" id="connector3">
   <part label="ESP32S1" id="98650" title="ESP32S3(sense)"/>
  </connector>
 </net>
 <net>
  <connector name="D8" id="connector8">
   <part label="ESP32S1" id="98650" title="ESP32S3(sense)"/>
  </connector>
 </net>
 <net>
  <connector name="D6" id="connector6">
   <part label="ESP32S1" id="98650" title="ESP32S3(sense)"/>
  </connector>
 </net>
 <net>
  <connector name="D10" id="connector10">
   <part label="ESP32S1" id="98650" title="ESP32S3(sense)"/>
  </connector>
 </net>
 <net>
  <connector name="D4" id="connector4">
   <part label="ESP32S1" id="98650" title="ESP32S3(sense)"/>
  </connector>
 </net>
 <net>
  <connector name="D5" id="connector5">
   <part label="ESP32S1" id="98650" title="ESP32S3(sense)"/>
  </connector>
 </net>
 <net>
  <connector name="D2" id="connector2">
   <part label="ESP32S1" id="98650" title="ESP32S3(sense)"/>
  </connector>
 </net>
 <net>
  <connector name="D7" id="connector7">
   <part label="ESP32S1" id="98650" title="ESP32S3(sense)"/>
  </connector>
 </net>
 <net>
  <connector name="D9" id="connector9">
   <part label="ESP32S1" id="98650" title="ESP32S3(sense)"/>
  </connector>
 </net>
 <net>
  <connector name="Pin 0" id="connector0">
   <part label="R4" id="96110" title="1kΩ Resistor"/>
  </connector>
  <connector name="Pin 0" id="connector0">
   <part label="R4" id="96111" title="1k Ω Resistor"/>
  </connector>
  <connector name="anode" id="connector1">
   <part label="LED1" id="94981" title="Green LED - 3mm"/>
  </connector>
  <connector name="anode" id="connector1">
   <part label="LED1" id="94980" title="Green (560nm) LED"/>
  </connector>
 </net>
 <net>
  <connector name="Pin 0" id="connector0">
   <part label="R5" id="112710" title="1kΩ Resistor"/>
  </connector>
  <connector name="Pin 0" id="connector0">
   <part label="R5" id="112711" title="1k Ω Resistor"/>
  </connector>
  <connector name="anode" id="connector1">
   <part label="LED2" id="96131" title="Green LED - 3mm"/>
  </connector>
  <connector name="anode" id="connector1">
   <part label="LED2" id="96130" title="Green (560nm) LED"/>
  </connector>
 </net>
 <net>
  <connector name="P" id="connector5">
   <part label="U3" id="91050" title="SWITCH_SPDT"/>
  </connector>
 </net>
</netlist>
